{"cameraMode":{"drawMode":0,"name":"Shaded","section":"Shading Mode"},"sceneLighting":false,"audioPlay":false,"sceneViewState":{"showFog":true,"showMaterialUpdate":false,"showSkybox":true,"showFlares":true,"showImageEffects":true,"showParticleSystems":true},"in2DMode":false,"pivot":{"x":-0.0995323657989502,"y":17.05999755859375,"z":-1.2731714248657227},"rotation":{"x":0.08725336194038391,"y":0.8276660442352295,"z":-0.13425743579864503,"w":0.5378947257995606},"size":51.13633728027344,"orthographic":false}