{"cameraMode":{"drawMode":0,"name":"Shaded","section":"Shading Mode"},"sceneLighting":false,"audioPlay":false,"sceneViewState":{"showFog":true,"showMaterialUpdate":false,"showSkybox":true,"showFlares":true,"showImageEffects":true,"showParticleSystems":true},"in2DMode":false,"pivot":{"x":-0.6044016480445862,"y":18.576126098632814,"z":-3.643991231918335},"rotation":{"x":-0.02379651553928852,"y":0.9736561179161072,"z":-0.12067568302154541,"w":-0.19200249016284944},"size":1.7868928909301758,"orthographic":false}