{"cameraMode":{"drawMode":0,"name":"Shaded","section":"Shading Mode"},"sceneLighting":true,"audioPlay":false,"sceneViewState":{"showFog":true,"showMaterialUpdate":false,"showSkybox":true,"showFlares":true,"showImageEffects":true,"showParticleSystems":true},"in2DMode":false,"pivot":{"x":-21.13609504699707,"y":20.233076095581056,"z":21.334829330444337},"rotation":{"x":0.002878247993066907,"y":0.9959694743156433,"z":-0.08266950398683548,"w":0.03467506170272827},"size":55.88597106933594,"orthographic":false}