{"cameraMode":{"drawMode":0,"name":"Shaded","section":"Shading Mode"},"sceneLighting":false,"audioPlay":false,"sceneViewState":{"showFog":true,"showMaterialUpdate":false,"showSkybox":true,"showFlares":true,"showImageEffects":true,"showParticleSystems":true},"in2DMode":false,"pivot":{"x":0.0,"y":13.901000022888184,"z":-99.20999908447266},"rotation":{"x":-0.00015769159654155374,"y":0.9988571405410767,"z":-0.0033093320671468975,"w":-0.0476810447871685},"size":5.715782642364502,"orthographic":false}