{"cameraMode":{"drawMode":0,"name":"Shaded","section":"Shading Mode"},"sceneLighting":true,"audioPlay":false,"sceneViewState":{"showFog":true,"showMaterialUpdate":true,"showSkybox":true,"showFlares":true,"showImageEffects":true,"showParticleSystems":true},"in2DMode":false,"pivot":{"x":-3.378528118133545,"y":17.047849655151368,"z":-3.217559814453125},"rotation":{"x":-0.13892219960689546,"y":0.8097189664840698,"z":-0.21264465153217317,"w":-0.5289973020553589},"size":4.02285099029541,"orthographic":false}