{"cameraMode":{"drawMode":0,"name":"Shaded","section":"Shading Mode"},"sceneLighting":true,"audioPlay":false,"sceneViewState":{"showFog":true,"showMaterialUpdate":true,"showSkybox":true,"showFlares":true,"showImageEffects":true,"showParticleSystems":true},"in2DMode":false,"pivot":{"x":-1.9213123321533204,"y":18.050273895263673,"z":-2.992166519165039},"rotation":{"x":-0.04178886488080025,"y":0.9573026895523071,"z":-0.22244632244110108,"w":-0.1798412948846817},"size":4.02285099029541,"orthographic":false}