{"cameraMode":{"drawMode":0,"name":"Shaded","section":"Shading Mode"},"sceneLighting":false,"audioPlay":false,"sceneViewState":{"showFog":true,"showMaterialUpdate":false,"showSkybox":true,"showFlares":true,"showImageEffects":true,"showParticleSystems":true},"in2DMode":false,"pivot":{"x":30.517868041992189,"y":-12.586334228515625,"z":44.01228332519531},"rotation":{"x":0.39493271708488467,"y":0.1920313984155655,"z":-0.08479331433773041,"w":0.8944061398506165},"size":383.3747863769531,"orthographic":false}