{"cameraMode":{"drawMode":0,"name":"Shaded","section":"Shading Mode"},"sceneLighting":false,"audioPlay":false,"sceneViewState":{"showFog":true,"showMaterialUpdate":false,"showSkybox":true,"showFlares":true,"showImageEffects":true,"showParticleSystems":true},"in2DMode":false,"pivot":{"x":58.41725540161133,"y":-185.41830444335938,"z":167.7268524169922},"rotation":{"x":0.420852392911911,"y":0.16974884271621705,"z":-0.08049854636192322,"w":0.8874619603157044},"size":383.3747863769531,"orthographic":false}