{"cameraMode":{"drawMode":0,"name":"Shaded","section":"Shading Mode"},"sceneLighting":true,"audioPlay":false,"sceneViewState":{"showFog":true,"showMaterialUpdate":false,"showSkybox":true,"showFlares":true,"showImageEffects":true,"showParticleSystems":true},"in2DMode":false,"pivot":{"x":-23.876245498657228,"y":8.437945365905762,"z":-22.440465927124025},"rotation":{"x":0.06364409625530243,"y":0.6004684567451477,"z":-0.0480324812233448,"w":0.7956632971763611},"size":0.510222315788269,"orthographic":false}