{"cameraMode":{"drawMode":0,"name":"Shaded","section":"Shading Mode"},"sceneLighting":true,"audioPlay":false,"sceneViewState":{"showFog":true,"showMaterialUpdate":false,"showSkybox":true,"showFlares":true,"showImageEffects":true,"showParticleSystems":true},"in2DMode":false,"pivot":{"x":-0.6980260610580444,"y":26.58662223815918,"z":-17.35265350341797},"rotation":{"x":-0.020506611093878747,"y":0.9660569429397583,"z":-0.24442963302135468,"w":-0.08104170858860016},"size":7.319066524505615,"orthographic":false}