{"cameraMode":{"drawMode":0,"name":"Shaded","section":"Shading Mode"},"sceneLighting":false,"audioPlay":false,"sceneViewState":{"showFog":true,"showMaterialUpdate":false,"showSkybox":true,"showFlares":true,"showImageEffects":true,"showParticleSystems":true},"in2DMode":false,"pivot":{"x":-0.07857996225357056,"y":7.3712921142578129,"z":-0.3140184283256531},"rotation":{"x":0.053004175424575809,"y":0.9247154593467712,"z":-0.14005187153816224,"w":0.3499677777290344},"size":24.615751266479493,"orthographic":false}