{"cameraMode":{"drawMode":0,"name":"Shaded","section":"Shading Mode"},"sceneLighting":true,"audioPlay":false,"sceneViewState":{"showFog":true,"showMaterialUpdate":true,"showSkybox":true,"showFlares":true,"showImageEffects":true,"showParticleSystems":true},"in2DMode":false,"pivot":{"x":15.608221054077149,"y":29.991640090942384,"z":-9.25159740447998},"rotation":{"x":0.18810364603996278,"y":0.696808934211731,"z":-0.19759230315685273,"w":0.6633488535881043},"size":37.36650848388672,"orthographic":false}