{"cameraMode":{"drawMode":0,"name":"Shaded","section":"Shading Mode"},"sceneLighting":true,"audioPlay":false,"sceneViewState":{"showFog":true,"showMaterialUpdate":true,"showSkybox":true,"showFlares":true,"showImageEffects":true,"showParticleSystems":true},"in2DMode":false,"pivot":{"x":5.244270324707031,"y":16.200580596923829,"z":43.471839904785159},"rotation":{"x":-0.006248762831091881,"y":0.9810401201248169,"z":-0.19102798402309419,"w":-0.03208842873573303},"size":20.685073852539064,"orthographic":false}